id,sentiment
"3630_4",0
"9495_8",0
"8196_8",0
"3951_2",0
"3304_10",1
"10492_1",1
"6827_4",0
"7897_8",0
"12106_10",1
"11427_1",0
"9897_10",1
"9569_9",0
"5983_8",1
"2399_7",1
"8437_3",1
"2681_3",1
"11724_8",1
"11464_1",0
"10018_8",1
"4414_9",1
"7068_8",1
"1033_4",0
"475_1",0
"4886_1",0
"12349_4",0
"5169_7",1
"8125_7",0
"11220_10",1
"4056_4",0
"3027_8",0
"2326_8",1
"11211_8",1
"12322_10",1
"10464_1",0
"8473_8",1
"5514_4",1
"8158_2",0
"5225_4",0
"6147_1",0
"9219_2",0
"8807_9",1
"2072_10",1
"11127_9",1
"5280_8",1
"725_2",0
"3209_1",0
"10091_1",0
"3617_2",0
"6921_1",0
"5290_3",0
"3391_3",1
"8551_4",0
"4625_10",1
"12368_3",0
"8931_4",0
"7730_7",1
"4543_7",0
"3749_1",0
"9144_1",0
"365_1",0
"8824_8",0
"11228_10",1
"8613_7",1
"4451_9",0
"3759_1",0
"60_4",0
"418_4",0
"6645_1",0
"12274_3",0
"11095_7",1
"1789_3",1
"5320_2",0
"7481_1",0
"11420_9",1
"9845_3",0
"6662_1",0
"4759_2",1
"253_7",1
"5162_9",1
"8075_1",0
"4170_1",0
"12058_4",0
"1472_1",0
"10119_2",0
"5844_8",1
"9885_4",0
"9731_8",1
"8381_8",1
"1757_8",1
"424_8",1
"8370_10",1
"4217_9",0
"4507_3",0
"10264_4",1
"9855_2",0
"51_1",0
"9114_1",0
"5054_1",0
"7957_10",1
"7328_2",0
"4134_7",1
"3044_1",1
"669_7",0
"5363_1",0
"8855_10",1
"1664_4",1
"8102_1",0
"10914_8",1
"2366_7",1
"1116_9",1
"8361_4",0
"6487_1",0
"6908_2",0
"1615_8",1
"1201_8",1
"10828_1",0
"2268_1",0
"8031_1",0
"211_4",0
"3178_4",0
"12481_8",1
"9695_1",0
"7934_3",0
"2901_7",1
"2646_10",0
"3248_10",0
"3377_2",0
"12246_9",1
"7224_3",0
"10693_4",0
"7564_1",0
"7894_10",1
"7252_4",0
"4386_9",1
"11666_10",1
"10343_3",0
"2025_1",0
"4276_4",0
"2080_9",1
"7260_1",0
"1177_1",0
"3086_1",0
"603_1",0
"12005_10",1
"3212_3",0
"1029_3",0
"10768_7",1
"8234_7",1
"7550_1",0
"8779_4",0
"1241_7",1
"4532_7",1
"8639_3",1
"5750_8",1
"11473_4",1
"4158_10",1
"11194_10",0
"3162_8",0
"11982_7",1
"10868_8",1
"9793_1",0
"1962_2",0
"6157_2",0
"8075_8",1
"4254_2",0
"9580_3",1
"8693_10",1
"7563_1",0
"7734_10",0
"5462_8",1
"10738_4",0
"5447_4",0
"5548_7",1
"11023_9",1
"6601_4",1
"9752_10",1
"5233_4",0
"2847_8",1
"2909_10",1
"11655_3",0
"7586_10",1
"6308_1",0
"6037_10",1
"4870_10",1
"960_1",0
"2718_9",1
"7005_4",1
"1210_1",0
"10587_1",0
"11256_1",0
"1507_8",1
"1441_2",0
"6210_1",0
"3047_7",1
"5039_3",0
"5532_2",0
"3098_1",0
"6785_1",0
"11286_1",0
"7423_9",0
"4015_1",0
"4408_8",1
"9741_1",0
"10013_1",0
"10666_8",1
"1712_9",1
"2394_3",0
"8109_2",1
"10747_10",1
"1056_3",1
"12318_9",1
"839_7",0
"11445_7",1
"599_4",0
"202_10",1
"2775_1",0
"4974_2",0
"10631_1",0
"1938_9",0
"11330_8",1
"5530_8",1
"7737_10",1
"9204_1",0
"96_10",1
"8736_3",0
"3414_8",1
"11353_1",1
"11687_10",1
"5898_4",1
"3913_1",1
"376_10",1
"5365_10",1
"10020_3",0
"6138_8",1
"10183_7",1
"5499_1",0
"1452_1",0
"2414_3",0
"8646_1",0
"899_7",0
"5081_4",0
"9282_8",1
"2304_1",0
"146_10",1
"8492_1",0
"11576_7",1
"7057_1",0
"11276_10",1
"9899_7",1
"1433_10",1
"2548_1",0
"1338_3",1
"4021_1",0
"7440_1",0
"9524_3",0
"8154_10",0
"717_7",1
"7296_10",0
"5020_10",1
"5108_10",0
"831_9",1
"8747_3",1
"8184_7",1
"4112_1",0
"1659_7",1
"2789_7",1
"4412_9",1
"10079_8",1
"2519_10",1
"2597_3",0
"8518_10",1
"1127_4",0
"7119_10",1
"11962_7",1
"6305_10",1
"4886_8",1
"6400_3",0
"6531_8",0
"9304_1",0
"8284_8",1
"1180_4",0
"5421_4",0
"216_4",0
"10209_3",0
"11263_10",1
"7568_10",1
"9875_7",1
"11854_7",0
"9396_9",1
"9139_8",1
"11451_8",1
"10696_3",0
"8822_10",0
"11287_3",0
"641_8",1
"4685_7",1
"10405_8",1
"3432_8",1
"10099_10",0
"304_4",1
"11084_10",1
"11368_1",1
"10012_1",0
"9080_3",1
"2411_9",1
"4854_1",0
"732_1",0
"3659_3",0
"2058_1",0
"7152_9",1
"6586_10",1
"8582_1",1
"6962_1",0
"9991_4",1
"4889_10",1
"10993_10",1
"5235_1",0
"7667_7",1
"3976_1",0
"9651_9",0
"10269_7",1
"4250_3",0
"4552_9",1
"608_8",1
"888_8",0
"5364_3",0
"7651_1",0
"10548_3",0
"4893_10",1
"11017_4",0
"3815_7",1
"11044_7",1
"6791_10",1
"7533_3",1
"6394_1",0
"8055_3",0
"10500_10",1
"4881_9",1
"1994_2",0
"2712_2",0
"4168_4",0
"6003_2",0
"11072_8",1
"10523_2",0
"10903_10",1
"7217_1",0
"12059_9",1
"11097_2",1
"8330_1",0
"10152_9",1
"139_4",0
"6700_1",1
"7374_10",1
"8831_4",0
"3052_10",1
"11307_1",0
"7652_3",0
"12377_10",1
"12087_1",0
"9517_10",1
"6395_3",0
"6785_8",1
"11710_4",0
"5566_2",0
"4481_1",0
"7382_2",0
"5066_8",1
"11264_1",0
"4466_2",0
"4714_10",1
"236_9",1
"6481_10",1
"6550_4",0
"10984_10",1
"1194_1",0
"9564_10",1
"3852_2",0
"5956_3",0
"4912_4",1
"8678_9",1
"3039_1",0
"11436_9",1
"6944_9",1
"10449_9",1
"4342_10",1
"10968_7",1
"7927_10",0
"11141_1",0
"7045_1",0
"2120_8",1
"11540_10",1
"2961_1",1
"7459_1",0
"12334_4",0
"2987_2",0
"3676_8",1
"8553_7",1
"7972_10",1
"3326_4",0
"1917_9",1
"11877_10",1
"3707_7",0
"6348_2",0
"1768_9",1
"11146_8",1
"2949_10",1
"9094_1",0
"10954_1",0
"782_4",0
"6374_10",1
"6521_4",1
"10441_1",0
"5978_9",0
"3826_10",1
"4612_1",1
"6207_9",1
"3473_1",0
"5627_10",1
"1108_1",0
"7313_1",0
"777_2",1
"12487_10",1
"9597_10",1
"4790_1",0
"2143_4",1
"10438_4",0
"10460_3",0
"6872_7",0
"439_1",0
"7640_2",0
"2687_10",0
"6293_10",1
"817_10",0
"9347_7",1
"1629_1",1
"431_4",0
"10599_8",1
"10982_10",1
"1331_1",0
"2424_3",1
"7699_10",0
"3123_10",1
"8658_1",0
"10716_3",0
"8644_1",0
"2379_8",1
"4658_8",1
"1218_8",1
"11795_1",0
"11418_4",0
"1041_1",0
"5596_10",1
"10455_10",1
"5746_9",1
"7742_3",0
"4007_4",0
"10000_8",0
"10378_2",0
"9520_4",0
"3023_7",1
"1485_2",0
"11849_4",0
"10657_3",0
"12228_8",0
"975_4",1
"1102_8",0
"11265_1",0
"3267_8",1
"2219_1",1
"2068_8",1
"8127_2",0
"6009_10",1
"3690_1",0
"9842_7",1
"499_1",0
"8034_1",0
"3041_1",0
"11594_4",0
"3366_10",1
"10973_4",0
"11656_9",1
"3893_2",0
"327_8",0
"10131_10",1
"2812_8",1
"5857_10",1
"4083_10",1
"5338_2",0
"4207_7",1
"11589_3",0
"7993_10",1
"7058_4",0
"12008_8",1
"3144_10",1
"11899_2",1
"6541_4",0
"1996_3",0
"10944_1",0
"7704_10",1
"6427_10",0
"722_7",1
"1229_8",0
"6154_10",1
"10096_1",0
"11803_7",0
"6780_4",1
"8568_4",0
"10432_10",0
"10514_3",0
"47_8",1
"2996_4",0
"3285_10",1
"8404_10",0
"7117_1",0
"9863_10",1
"2039_9",1
"10848_10",0
"8143_1",0
"3947_2",0
"7896_1",0
"12402_2",0
"3310_8",1
"4334_1",0
"3203_1",0
"10877_1",0
"3174_4",0
"1082_10",1
"5293_1",0
"7605_4",0
"8919_2",0
"8545_9",1
"9054_1",0
"7613_9",1
"6603_3",1
"2510_4",0
"3844_8",1
"4184_4",0
"4279_10",1
"2935_10",1
"4479_1",0
"6087_9",0
"758_9",1
"3233_1",0
"8622_8",1
"6696_4",0
"9112_9",1
"5223_7",1
"2702_9",0
"11740_1",0
"6448_10",1
"2782_10",1
"11927_1",0
"10780_10",1
"7209_8",1
"12323_4",0
"11357_3",1
"5863_8",1
"6658_3",0
"7874_8",1
"10972_10",1
"4236_3",0
"10229_8",0
"8857_10",1
"5451_1",0
"7783_1",0
"384_4",1
"6739_7",0
"8501_8",1
"12113_8",1
"4955_3",1
"4212_4",1
"8571_7",1
"2768_2",0
"8509_2",0
"2723_7",1
"11278_8",1
"473_1",0
"690_4",1
"4688_10",1
"9962_3",1
"11140_9",1
"1483_9",0
"1704_8",1
"4854_7",1
"3069_9",1
"10625_2",0
"1235_10",0
"3061_10",0
"8145_1",0
"8155_1",0
"10247_2",0
"1542_4",0
"11588_10",1
"5058_1",0
"8820_7",1
"7404_9",1
"4904_10",1
"10078_1",0
"2336_4",0
"12224_9",0
"9058_7",1
"2378_8",0
"509_3",0
"12118_4",1
"4743_8",1
"10300_10",1
"9459_8",1
"10048_10",1
"9418_2",1
"8452_7",1
"6975_8",1
"8717_9",1
"8257_2",1
"4918_2",0
"340_3",0
"6471_2",0
"2880_8",1
"5791_9",1
"2190_2",0
"2938_3",0
"4567_10",1
"2887_1",0
"10809_1",0
"1244_2",1
"4271_4",0
"860_8",1
"8218_7",1
"10377_9",1
"7320_4",0
"2389_10",1
"2888_1",0
"129_9",1
"11219_7",0
"5319_8",1
"5805_1",1
"6446_2",0
"1847_10",1
"7681_4",1
"5718_1",0
"1214_10",1
"1190_1",0
"3627_1",0
"8816_7",1
"5023_10",1
"3409_1",0
"2055_10",1
"9106_1",0
"9209_7",1
"2819_10",1
"11926_10",1
"4788_3",1
"3069_3",0
"4903_10",1
"6301_4",0
"6063_4",0
"6330_1",0
"2468_4",0
"1944_8",1
"1378_9",1
"2566_8",1
"3409_10",1
"6974_4",1
"5413_10",1
"3301_10",1
"3015_1",0
"8428_1",0
"7468_4",1
"11135_2",0
"907_8",1
"309_9",1
"9701_10",1
"1217_10",1
"1630_4",0
"11132_3",0
"9886_10",1
"1078_8",1
"1145_8",1
"683_4",1
"11846_10",1
"3348_2",0
"9398_9",1
"8493_10",1
"11470_10",1
"8300_10",0
"1622_4",1
"9480_10",1
"10824_10",1
"2998_3",0
"4576_1",0
"3836_8",1
"1576_10",1
"4300_1",0
"3759_8",1
"9012_7",1
"5881_7",1
"364_1",1
"7469_10",1
"1306_3",0
"5793_10",1
"1498_2",0
"7318_4",0
"999_10",1
"11426_10",1
"11219_3",0
"3305_10",1
"2415_10",1
"12406_8",1
"10990_1",0
"5097_1",0
"9398_4",0
"6058_1",0
"8367_10",1
"37_9",1
"9169_1",0
"11519_9",1
"8755_7",1
"6526_2",0
"3686_2",0
"4305_10",1
"30_1",1
"7108_9",1
"12306_9",1
"8213_4",1
"441_2",0
"10046_1",0
"8011_10",0
"9822_1",0
"9599_1",0
"5473_8",1
"5324_3",0
"5324_10",1
"2760_2",1
"5274_7",1
"5657_9",1
"557_9",1
"9123_1",0
"6587_4",0
"885_2",1
"6007_8",1
"11331_8",0
"4674_3",1
"10794_10",1
"7236_3",0
"10372_7",1
"2283_9",1
"9373_4",0
"6902_7",1
"1491_2",0
"12379_2",0
"5352_4",1
"5579_2",0
"8943_4",1
"194_8",0
"8477_10",1
"9442_10",1
"2598_10",1
"8989_9",1
"11465_7",1
"5691_8",1
"7557_9",1
"54_10",1
"4533_8",1
"8148_1",0
"7200_9",1
"9922_4",0
"1848_8",1
"948_3",1
"8892_2",1
"10193_9",1
"12243_2",1
"2385_1",0
"7667_1",0
"9836_4",0
"6832_2",0
"12458_7",1
"105_2",0
"254_8",0
"11293_7",1
"10680_8",1
"2781_8",1
"11124_1",1
"9776_3",0
"326_1",0
"5673_1",0
"7288_7",0
"2821_9",1
"167_7",1
"5796_3",1
"6638_10",1
"7516_3",0
"2087_4",0
"7458_10",1
"11142_8",1
"11727_7",1
"6197_10",1
"1837_10",0
"1759_8",1
"5812_4",1
"8964_8",1
"4641_1",0
"3615_9",0
"875_4",0
"3427_1",0
"5850_4",0
"9157_10",1
"10569_10",1
"4745_1",0
"3202_10",0
"2465_10",1
"8078_10",1
"20_9",1
"2912_9",1
"10045_10",0
"10578_1",0
"3680_4",1
"6008_1",1
"775_7",1
"9132_4",0
"3799_3",1
"1149_3",1
"10240_1",1
"7223_10",1
"8504_1",0
"2679_3",0
"433_4",0
"1080_2",0
"4224_10",1
"7691_9",0
"4810_9",1
"3163_10",1
"2662_10",1
"6445_1",0
"5542_4",0
"1107_10",1
"11284_1",0
"4154_1",0
"9929_2",1
"4683_7",1
"7701_10",1
"9483_1",0
"3499_8",1
"848_8",1
"11172_10",1
"259_3",0
"4371_8",1
"8007_7",0
"9618_4",0
"6289_10",1
"8826_9",1
"4269_10",1
"5270_2",0
"6337_7",1
"4659_8",1
"2331_10",1
"2878_1",0
"4204_4",0
"1612_10",1
"10067_3",0
"12203_2",0
"2670_2",0
"11608_10",1
"10530_4",0
"8504_8",1
"11770_10",1
"7432_10",1
"5317_2",0
"6243_9",1
"2599_4",0
"6892_8",0
"777_7",1
"1574_1",0
"2855_4",1
"3557_4",0
"3107_3",0
"3581_9",1
"4873_1",0
"4429_7",1
"5879_1",0
"1045_2",0
"2786_7",1
"12353_9",1
"4544_10",1
"7336_10",1
"88_9",1
"829_1",0
"5340_3",1
"7475_2",0
"10060_9",1
"2509_4",1
"8438_3",0
"11787_9",0
"7716_9",1
"10887_7",0
"1566_3",1
"515_1",0
"4247_10",1
"5133_1",0
"1399_9",1
"2873_10",1
"8735_4",0
"9228_10",1
"11349_10",1
"3328_3",0
"8282_7",0
"10979_9",1
"2452_10",1
"9863_2",0
"7906_3",0
"3819_8",1
"6267_1",0
"9880_10",1
"4132_7",1
"9426_10",1
"2309_3",0
"2833_7",1
"2121_1",1
"662_8",1
"4872_8",0
"4899_3",0
"6706_8",1
"2808_3",0
"5674_1",0
"11037_3",1
"5565_3",0
"11855_7",1
"7617_9",1
"3413_10",1
"7781_2",0
"3645_8",1
"11634_9",1
"5591_8",1
"2133_4",0
"164_10",1
"3682_1",0
"3812_9",1
"12178_1",0
"10434_10",1
"3351_4",0
"1090_1",0
"4127_1",0
"767_3",1
"1092_10",1
"7713_1",0
"10428_4",0
"11339_1",0
"11266_10",1
"3041_7",1
"10169_7",0
"6552_9",1
"9196_1",0
"4743_1",0
"3052_1",0
"12140_2",0
"1446_2",0
"6903_9",1
"9641_1",0
"1842_9",1
"3748_1",0
"4917_1",1
"2327_3",0
"11224_3",0
"6175_8",0
"5795_10",1
"3124_9",1
"8866_1",0
"8395_8",1
"12442_8",1
"10938_10",1
"6737_7",1
"4567_1",0
"4818_1",0
"8190_10",1
"8179_3",0
"11964_7",1
"10652_2",0
"10411_9",1
"11789_10",1
"8732_9",1
"5648_2",1
"9279_1",0
"7375_2",0
"6045_9",1
"826_9",1
"4590_10",1
"12092_3",1
"8620_2",1
"7874_2",0
"4011_8",1
"1525_1",0
"8176_8",0
"3118_1",0
"8880_8",0
"8254_8",1
"7397_4",1
"287_9",1
"7872_10",1
"10271_1",0
"1881_7",1
"10089_1",0
"5271_4",0
"9235_9",1
"7969_1",0
"10773_1",0
"2855_8",1
"9278_7",0
"5531_2",0
"377_7",1
"4718_7",1
"690_9",1
"652_10",1
"6493_10",1
"6538_8",1
"6866_7",0
"7185_10",1
"12255_10",1
"10328_8",1
"4370_3",0
"7197_7",1
"974_10",1
"977_1",0
"8292_8",1
"137_4",0
"6843_9",1
"26_9",1
"1093_8",1
"2919_10",1
"5161_1",0
"904_10",1
"4170_8",1
"10989_9",1
"773_2",1
"3733_1",0
"7647_1",1
"411_10",1
"5450_10",0
"10385_3",0
"5183_9",1
"5470_10",1
"7877_4",0
"3137_1",0
"8546_3",0
"3179_8",1
"5977_1",0
"3164_10",1
"8264_4",1
"2866_9",1
"2334_2",0
"6950_8",1
"8138_2",0
"4565_3",0
"11281_8",1
"2791_10",0
"8002_7",0
"2994_4",0
"1833_10",1
"3556_10",1
"8711_7",0
"10139_8",0
"2514_3",0
"2669_10",1
"7438_10",1
"12451_2",0
"9778_8",1
"11366_1",0
"9287_9",0
"2319_3",0
"6972_3",0
"1964_1",0
"6124_7",0
"5625_4",1
"10710_9",1
"5589_7",1
"1272_4",0
"9275_9",0
"3922_10",1
"8350_9",1
"4053_4",1
"3306_8",1
"10224_4",1
"3224_1",1
"9487_8",1
"6921_9",1
"1755_10",0
"562_1",0
"8105_1",0
"7778_1",0
"6566_4",0
"6736_10",1
"966_7",1
"10326_1",0
"9111_10",1
"11555_10",1
"9829_7",1
"5911_4",0
"7216_10",1
"3972_4",0
"1332_3",1
"1357_4",0
"10391_10",1
"9051_3",0
"3732_10",1
"3720_10",1
"721_1",0
"11267_10",1
"1591_3",0
"1714_8",1
"10112_7",0
"9625_2",0
"7871_9",1
"8188_8",1
"5741_10",1
"7919_10",1
"11323_10",1
"8791_10",1
"8706_2",0
"313_10",1
"10382_4",0
"10220_3",0
"7476_8",1
"4482_7",1
"12386_8",1
"9405_1",0
"1278_2",0
"11628_4",0
"11109_1",0
"9843_1",0
"6821_4",0
"8321_7",1
"10071_1",0
"1343_9",1
"1309_10",1
"840_1",0
"2866_1",0
"10031_10",1
"11791_4",0
"2950_1",0
"1579_10",1
"4615_1",0
"6186_1",1
"6835_10",1
"10265_2",0
"8048_4",0
"6761_9",1
"468_7",1
"3078_10",1
"1831_10",0
"6426_4",1
"11640_9",1
"6360_7",1
"8781_4",0
"12144_2",0
"5459_2",0
"2035_7",0
"10281_1",0
"7393_1",0
"11166_1",0
"7181_10",1
"6935_8",1
"4774_3",0
"7034_10",1
"623_10",1
"11716_2",0
"8567_10",1
"802_4",0
"8536_9",1
"1458_3",0
"188_1",0
"2635_2",0
"10800_8",1
"9531_1",0
"8201_1",0
"4186_1",0
"428_7",1
"2677_3",0
"2464_10",1
"9679_2",0
"6109_1",0
"10208_3",0
"12305_8",1
"794_1",0
"11234_3",0
"6130_1",0
"9042_10",0
"628_2",0
"780_7",1
"12399_3",1
"7376_1",0
"12401_8",1
"1158_4",0
"6889_10",1
"3448_7",1
"5047_3",0
"1563_1",0
"10431_10",1
"5189_10",1
"5465_8",1
"2676_10",1
"3155_10",1
"645_10",1
"269_8",1
"3960_10",1
"10678_9",1
"7364_3",1
"856_1",0
"8981_4",0
"1438_7",1
"10058_7",1
"12054_10",1
"2345_9",0
"7767_2",0
"314_1",0
"982_8",1
"10396_1",0
"11255_10",1
"5343_8",1
"9365_1",0
"666_1",0
"10168_2",0
"2004_10",1
"445_4",0
"5860_8",1
"7077_10",1
"6865_1",0
"11150_3",0
"1562_1",0
"4735_3",0
"6206_8",1
"10401_2",0
"11158_8",1
"11313_3",0
"9372_4",0
"6264_7",1
"6436_10",1
"6446_10",1
"2993_4",1
"5601_8",1
"8016_10",1
"7269_7",1
"12313_1",0
"11262_7",0
"11120_2",0
"10963_1",0
"8551_8",1
"11572_1",0
"11968_4",0
"5066_1",0
"3058_1",0
"192_2",0
"9672_7",1
"12261_10",1
"9222_7",0
"6492_3",0
"6905_7",1
"5252_1",0
"7721_7",1
"10216_3",1
"3471_8",1
"6499_10",1
"9010_3",0
"9527_10",1
"4548_7",0
"3211_1",0
"6293_4",0
"9374_4",1
"5859_9",0
"6574_4",0
"258_4",0
"40_3",0
"9756_10",1
"6758_4",1
"11122_3",1
"11044_1",0
"5408_3",0
"7594_8",1
"36_4",0
"2416_10",1
"4438_8",1
"11180_3",0
"6746_8",1
"2483_7",1
"336_10",1
"2568_10",1
"8261_1",0
"3486_10",1
"1077_8",1
"7802_10",1
"11820_4",0
"7097_4",0
"5773_1",1
"10756_2",0
"11112_7",1
"3968_10",1
"3484_4",0
"9419_3",0
"1608_1",0
"4864_4",0
"3460_8",1
"1643_1",0
"9713_10",1
"488_9",1
"8649_1",0
"3957_1",0
"25_7",1
"12091_3",0
"9805_10",1
"10415_7",1
"1191_9",0
"9478_8",0
"172_1",0
"938_9",1
"8746_2",0
"6256_3",0
"8440_8",1
"7249_8",0
"1058_10",1
"6967_7",1
"1797_9",0
"10035_1",0
"11929_9",1
"1595_7",1
"206_2",0
"3436_2",0
"2600_10",1
"7419_10",1
"4557_8",1
"234_10",1
"2746_10",1
"8866_9",1
"8183_4",0
"12161_7",0
"8545_3",0
"12255_3",0
"4106_7",1
"12016_1",0
"11646_10",1
"6428_8",1
"6172_4",0
"664_7",0
"9611_8",1
"4491_10",1
"12249_2",0
"1250_4",1
"8992_9",1
"4249_10",1
"7622_4",1
"10785_1",0
"11060_10",1
"1949_8",1
"10827_10",0
"12092_7",1
"158_3",1
"1348_10",1
"1723_7",1
"9313_9",0
"304_10",1
"2570_3",0
"12291_10",1
"5202_2",0
"9544_10",1
"3767_1",0
"11658_4",0
"10274_4",0
"5129_9",1
"3232_1",0
"8447_8",1
"1568_9",1
"3399_10",1
"10084_4",1
"3468_10",1
"1748_1",0
"4521_1",0
"3858_1",0
"3448_1",0
"5676_9",1
"11064_3",0
"559_1",0
"7134_1",0
"7409_2",0
"11502_1",0
"6076_9",1
"8116_9",1
"11120_10",1
"9804_1",0
"6540_3",0
"1402_7",0
"9228_3",1
"8767_10",1
"1493_9",0
"10710_1",0
"8786_8",1
"2496_1",0
"69_4",0
"6088_3",0
"1916_1",1
"10878_7",1
"828_2",1
"3547_8",1
"11727_4",0
"6632_1",0
"3693_8",1
"3577_2",0
"6943_1",0
"4916_4",0
"7144_2",0
"1440_4",0
"8961_2",0
"3787_10",1
"11720_8",1
"8433_4",0
"7598_1",0
"7914_10",1
"11689_8",1
"9773_1",0
"2046_8",1
"3588_8",1
"4368_10",1
"5386_7",1
"9696_3",1
"9732_10",1
"7122_8",1
"1095_9",1
"9594_1",0
"9899_4",1
"4146_1",0
"3702_1",1
"1752_8",1
"4835_1",1
"4263_4",0
"1009_4",0
"2675_9",1
"10667_3",0
"6400_9",1
"10821_1",1
"3184_2",0
"6273_1",0
"5128_9",1
"9639_4",1
"6796_8",1
"11230_10",1
"228_1",1
"8752_9",1
"2941_10",1
"7694_10",1
"1318_8",1
"12459_10",1
"132_3",0
"6708_3",0
"2942_10",1
"2650_3",0
"11128_10",0
"5144_10",0
"426_7",1
"12231_3",1
"11972_1",0
"5100_10",1
"10065_2",0
"10525_4",0
"108_10",1
"940_10",1
"5088_1",0
"2437_10",1
"6763_1",0
"4843_3",0
"8842_4",0
"7276_8",1
"5971_7",1
"10204_8",1
"10935_7",1
"1221_7",0
"9161_10",1
"12114_7",0
"763_1",0
"11346_10",1
"11803_3",1
"7227_7",1
"10697_4",0
"2847_2",0
"4188_4",0
"3433_3",0
"1680_4",0
"1780_1",0
"13_2",0
"485_3",1
"1864_10",1
"9429_9",1
"1320_10",0
"3273_3",0
"10162_9",1
"10791_2",0
"9996_4",0
"4026_1",0
"703_10",0
"6946_10",1
"11394_10",1
"7762_4",0
"1064_2",0
"10355_9",1
"4598_4",0
"5589_2",0
"6447_8",1
"11582_1",0
"2178_9",1
"12394_4",0
"11678_4",0
"3996_9",1
"11383_2",0
"7926_10",0
"7041_1",0
"4007_9",1
"2078_9",1
"11343_8",1
"6950_1",0
"3282_8",1
"2968_10",1
"10134_7",1
"5302_4",1
"10953_10",1
"10486_7",0
"3775_7",0
"7449_10",1
"9262_8",1
"5141_4",1
"7256_9",1
"4575_8",0
"4777_10",1
"5580_7",0
"9896_8",0
"4382_3",0
"12419_10",1
"4343_9",1
"8080_8",1
"11441_10",1
"3507_1",0
"9007_10",1
"5551_1",0
"7789_10",1
"11173_7",0
"140_2",0
"6596_8",1
"3918_3",0
"12308_10",1
"11896_9",1
"4035_1",0
"4960_9",1
"3806_8",1
"10182_8",1
"4433_3",1
"8409_8",0
"12151_10",0
"11192_10",0
"10111_7",1
"7848_4",0
"4278_1",0
"12028_10",1
"9016_10",1
"5193_3",0
"6158_4",0
"9647_2",1
"8696_10",1
"1268_2",0
"8809_1",0
"84_10",1
"7595_1",0
"924_7",1
"1133_10",1
"2707_10",1
"4142_10",1
"4963_4",0
"7950_3",1
"6349_10",1
"9792_2",0
"8489_9",1
"3814_1",0
"11842_10",1
"6151_7",1
"5402_9",1
"3260_3",0
"1511_8",1
"1836_7",1
"3909_10",1
"9281_1",0
"7669_1",0
"2247_2",1
"5597_3",0
"8233_1",0
"7702_10",1
"10125_8",1
"8265_4",1
"8913_2",0
"3681_1",0
"1845_7",0
"7141_3",0
"207_8",1
"9385_2",0
"11703_9",1
"9527_3",0
"9734_7",1
"12382_1",1
"10259_8",1
"1202_9",1
"6665_3",0
"11376_10",1
"1995_9",1
"4363_1",1
"5020_3",0
"10462_7",1
"12180_3",0
"6924_7",1
"6476_10",1
"10520_2",0
"859_9",1
"6370_1",0
"2067_9",1
"11070_1",0
"8396_8",1
"8837_1",0
"389_10",1
"9516_4",0
"5226_2",0
"7714_1",0
"12489_10",0
"3350_7",1
"10396_8",1
"3561_9",1
"4047_1",0
"9027_2",0
"5105_8",0
"9008_10",1
"6414_8",1
"9834_3",0
"2161_4",0
"10438_9",0
"4359_10",1
"5077_1",0
"2017_10",1
"1691_8",1
"5727_1",0
"9541_8",1
"367_2",0
"524_1",0
"1647_10",1
"12096_3",0
"4114_1",0
"10034_8",1
"5270_7",0
"2548_7",1
"8302_8",0
"6054_9",1
"2105_3",1
"1219_10",1
"10238_10",0
"6093_1",0
"11585_1",0
"7494_2",1
"1995_1",0
"1455_7",1
"1920_10",1
"2936_10",1
"8744_7",1
"1424_3",0
"1850_1",1
"436_10",1
"10857_1",0
"3323_9",1
"11081_10",0
"8513_2",0
"12170_3",0
"1857_4",0
"2597_8",1
"5870_1",1
"2127_9",0
"4631_2",0
"9854_7",1
"3765_10",1
"11947_4",1
"2032_2",0
"7540_9",1
"9356_9",1
"4469_2",0
"8623_7",1
"12362_1",0
"9927_9",1
"11900_1",0
"6429_1",0
"3792_4",0
"6286_3",0
"4140_1",0
"9748_4",0
"2245_7",0
"10462_4",1
"2148_10",1
"3024_9",1
"45_2",0
"6935_2",0
"7775_8",0
"4101_8",0
"11066_1",0
"5000_10",1
"8508_7",0
"3559_2",0
"7524_1",1
"6514_2",0
"7396_1",0
"9367_2",0
"11759_3",0
"6577_4",0
"3980_10",1
"8203_3",1
"3111_1",0
"6533_2",0
"9495_1",0
"5479_10",1
"9424_10",0
"8432_1",0
"11441_4",0
"10297_8",1
"10304_1",0
"8570_7",0
"62_2",0
"6707_1",0
"5388_2",0
"1616_9",1
"705_10",1
"12402_7",1
"7274_10",1
"10049_8",1
"3335_8",1
"7170_2",0
"6860_8",1
"10658_10",1
"2177_2",1
"1513_1",0
"4434_7",0
"2186_8",1
"10542_3",0
"9957_1",0
"3651_10",1
"7692_7",1
"10811_7",1
"6251_7",0
"11997_4",1
"12413_9",1
"2693_7",0
"11721_7",1
"9316_3",0
"2118_9",1
"10488_10",0
"8061_2",0
"6162_1",0
"2459_4",1
"357_10",1
"5258_1",0
"11237_1",0
"11407_1",0
"9992_10",1
"1431_3",0
"9276_1",0
"4435_7",1
"7753_1",0
"3486_2",0
"2507_7",1
"12343_7",1
"2072_1",0
"6820_1",1
"6013_7",1
"7346_1",0
"1832_4",0
"1419_7",0
"1492_10",1
"4248_1",0
"8984_3",0
"5118_10",1
"6270_1",0
"12418_4",1
"2214_4",0
"5381_4",1
"9078_7",0
"1030_2",0
"10596_8",1
"8905_10",0
"1450_3",0
"1035_1",0
"10394_10",1
"6829_8",1
"9484_3",0
"12162_4",0
"9836_9",1
"11903_10",1
"8450_7",0
"4471_4",0
"4945_4",0
"12014_2",0
"3005_2",0
"11245_2",0
"11904_10",1
"9837_4",1
"1614_10",1
"12042_10",0
"11221_4",1
"10837_10",1
"7732_8",1
"11548_10",1
"11546_9",1
"3333_8",1
"1015_10",1
"11083_10",1
"7780_8",1
"3843_3",1
"7951_2",0
"6027_4",0
"6412_1",0
"11768_4",1
"4145_10",1
"8928_10",0
"3303_4",0
"11277_10",0
"10845_3",0
"11129_2",0
"1539_3",0
"4559_10",1
"5825_1",0
"10055_3",0
"6205_1",0
"10054_10",1
"9721_7",0
"9565_3",0
"9216_10",0
"4465_7",1
"7941_8",1
"2079_4",0
"10174_4",0
"2712_10",1
"10907_9",1
"3440_8",1
"8298_1",0
"6781_4",1
"765_9",1
"9452_1",1
"8532_7",1
"7205_10",1
"4366_4",0
"497_10",1
"8945_10",1
"4582_3",0
"11148_4",0
"5055_4",1
"3308_8",1
"8218_1",0
"10484_2",0
"11364_1",0
"6589_4",1
"5766_10",1
"345_7",0
"10407_8",1
"4598_9",1
"5293_8",1
"18_7",1
"42_10",1
"9302_1",0
"4568_2",0
"3439_3",0
"5496_4",0
"11363_1",0
"1560_2",0
"6976_9",1
"553_1",0
"9767_7",0
"7679_10",1
"11872_10",1
"5416_4",0
"4610_10",1
"10054_1",0
"7370_1",0
"10235_2",0
"4801_7",1
"10228_3",0
"6323_7",1
"12496_8",0
"935_4",0
"11622_1",1
"7006_4",0
"5525_4",1
"12286_3",0
"5384_8",1
"887_10",1
"846_2",0
"162_4",0
"3363_10",1
"9733_3",0
"2271_8",0
"3456_4",0
"8602_2",0
"7064_2",0
"6305_2",0
"2349_1",0
"6250_1",0
"2843_7",1
"9158_1",0
"2553_7",0
"542_4",1
"4472_10",1
"8909_2",0
"11521_10",1
"5497_3",0
"1423_10",1
"9215_7",1
"10925_1",0
"7020_10",1
"11675_10",1
"6650_3",1
"1696_10",1
"527_4",1
"7998_9",1
"3133_9",1
"5840_1",0
"1405_3",0
"2031_8",1
"3919_3",0
"12154_1",0
"9211_2",0
"10205_2",0
"6811_4",1
"6585_3",1
"4136_1",0
"5222_3",0
"10584_10",1
"5084_7",1
"11735_1",1
"6584_1",0
"1610_2",0
"9151_10",1
"360_10",0
"3700_2",0
"8828_4",0
"5903_8",1
"4243_8",1
"10802_8",1
"10926_9",1
"8455_10",1
"7839_10",1
"7125_3",0
"3337_2",0
"1813_8",1
"9024_4",0
"11211_1",0
"9545_4",0
"11294_10",1
"10508_10",1
"4724_7",0
"7421_4",0
"6269_1",0
"6025_1",0
"11625_4",0
"10024_9",1
"7793_1",0
"5428_4",0
"11223_1",0
"12457_8",1
"733_9",1
"11812_1",0
"7206_9",1
"8472_1",0
"4_8",1
"1019_10",1
"7961_4",1
"10808_10",1
"8857_1",0
"6519_3",1
"4416_4",1
"8456_10",1
"2923_4",1
"9393_1",0
"4013_1",0
"5709_10",1
"5243_9",1
"330_1",0
"353_4",0
"10916_7",1
"8800_3",0
"3324_7",1
"14_2",0
"3944_3",0
"4741_3",0
"11497_3",0
"9798_4",0
"7233_7",0
"7026_4",1
"12038_9",1
"5023_3",0
"8323_3",0
"9938_3",0
"6498_1",0
"6514_10",1
"5014_9",1
"9751_7",1
"3537_1",0
"11059_4",1
"4798_4",1
"3189_8",1
"1356_8",1
"8237_8",1
"9458_1",0
"4187_3",0
"3016_1",0
"1871_10",1
"6067_1",0
"1703_8",1
"9181_2",0
"6521_7",1
"5822_10",1
"7199_8",1
"9267_7",0
"5285_3",1
"5081_8",1
"2451_3",1
"1391_4",0
"7756_10",1
"3165_10",1
"10198_4",1
"866_8",1
"10810_1",0
"10702_1",0
"10442_2",0
"11713_10",1
"1264_10",0
"1022_1",0
"8947_9",1
"11419_1",1
"12383_2",0
"11928_4",1
"10052_4",0
"4160_1",0
"5218_7",0
"4365_9",1
"10623_8",1
"2021_3",1
"4516_2",0
"9143_10",1
"6135_2",0
"9441_4",0
"9120_1",0
"933_2",0
"3642_9",1
"3426_7",1
"7216_1",0
"2383_9",0
"7992_7",1
"5069_7",1
"9220_8",1
"3034_7",1
"3005_8",1
"8884_4",0
"8766_1",0
"6789_4",0
"1989_8",1
"7838_1",0
"4132_1",1
"5944_9",1
"5093_3",1
"4796_8",1
"4530_7",1
"3087_2",0
"8394_10",1
"1017_1",0
"1518_1",0
"11643_7",0
"3312_3",0
"6047_2",0
"681_9",1
"7968_1",0
"332_10",1
"12496_1",0
"3290_8",1
"11135_9",1
"10257_1",0
"7410_2",0
"8423_4",0
"314_10",1
"9101_9",1
"8741_10",1
"9189_10",1
"926_1",0
"1122_7",0
"6656_2",0
"3226_1",0
"6579_10",1
"5262_4",0
"7134_10",1
"5582_9",1
"203_1",0
"1339_2",0
"3422_10",0
"10939_3",0
"2092_10",1
"10560_3",0
"11662_1",0
"91_8",0
"10698_9",1
"9973_8",1
"11396_2",0
"8257_9",1
"10238_4",0
"11584_8",1
"7900_10",1
"5125_1",1
"9217_7",1
"8103_3",0
"10489_10",1
"8161_10",1
"7312_10",0
"1146_7",1
"2373_7",0
"1478_7",0
"4278_10",1
"5367_9",1
"7964_10",1
"9454_10",1
"8585_8",1
"6250_10",1
"9689_9",1
"12431_8",1
"12100_8",0
"2449_1",0
"6078_8",1
"10965_9",1
"11026_7",0
"6441_9",1
"3200_10",1
"4032_9",1
"968_10",1
"8129_9",1
"3139_10",1
"9838_1",0
"9956_2",0
"9788_3",0
"3582_8",1
"957_10",1
"6881_9",0
"8381_1",0
"12281_9",1
"3417_10",1
"4196_2",0
"852_7",1
"683_10",1
"11400_10",0
"246_7",1
"2422_9",1
"1571_10",1
"6144_2",0
"3083_1",0
"12106_1",0
"4311_3",1
"10973_8",1
"7363_4",0
"12253_2",0
"6594_10",1
"5008_1",0
"6115_1",0
"8136_1",0
"9380_4",1
"511_10",1
"11535_3",0
"7347_10",1
"1515_1",0
"11264_10",1
"7666_2",0
"11939_10",1
"6456_10",1
"1559_1",0
"6857_10",1
"8131_1",0
"12454_7",1
"188_7",1
"443_3",0
"760_4",1
"1896_8",1
"881_1",0
"11013_7",1
"4092_3",0
"10663_8",1
"11683_8",1
"11493_2",0
"2846_10",0
"9012_1",0
"4949_8",1
"6220_1",0
"2554_7",1
"2691_4",1
"11401_9",1
"5749_10",1
"9650_1",0
"10042_10",1
"12486_2",0
"4972_3",0
"1330_9",1
"4331_7",1
"4515_1",0
"3204_10",1
"6784_1",0
"10188_8",1
"1971_9",1
"5120_1",0
"5231_10",1
"5682_7",1
"12239_1",0
"10202_3",0
"3595_10",1
"952_10",1
"5986_10",1
"11575_1",0
"2295_1",0
"4187_7",0
"1987_4",1
"8611_8",1
"4318_3",0
"8270_1",0
"477_10",1
"7731_9",1
"8712_8",0
"10565_3",1
"10318_2",0
"1311_10",1
"5240_7",0
"3096_10",1
"3926_2",0
"1332_8",1
"6160_1",0
"6771_7",1
"3390_4",0
"1579_1",0
"10741_4",1
"10552_9",1
"2431_8",1
"3368_8",1
"6113_1",0
"1831_2",0
"1678_9",1
"12188_10",1
"6376_10",1
"877_3",0
"5000_1",0
"1739_4",1
"10589_10",1
"11085_10",0
"1161_8",0
"1340_2",0
"3416_10",1
"8096_1",0
"8812_3",0
"12464_2",0
"387_8",1
"8591_1",0
"2845_4",0
"429_10",1
"2658_10",1
"3793_3",0
"3266_1",0
"1166_2",0
"9037_3",0
"1208_9",0
"8581_1",0
"8907_4",0
"6560_4",0
"10319_7",1
"9400_1",1
"1733_4",0
"6613_7",1
"11689_2",0
"9866_7",1
"9197_7",0
"4958_10",1
"11489_3",0
"11566_10",1
"11394_1",0
"2484_1",0
"4633_9",1
"9663_10",1
"4046_8",0
"10389_4",1
"2153_9",1
"9287_1",0
"12227_7",1
"5498_3",0
"11317_2",1
"12486_7",0
"11668_7",0
"3993_3",0
"9218_4",0
"4384_1",0
"9301_10",1
"10362_1",0
"6886_8",0
"2891_8",0
"4232_7",0
"7487_1",0
"4401_1",0
"7368_8",1
"8786_1",0
"3114_1",0
"11881_1",0
"11623_8",0
"6122_2",0
"4426_1",0
"4283_1",1
"8425_9",1
"7127_10",1
"9727_3",1
"2424_7",0
"6715_10",1
"11509_1",0
"4782_4",1
"11951_8",1
"9_1",0
"1061_10",1
"7982_10",1
"3526_8",1
"7662_3",0
"11199_9",1
"5544_3",0
"2005_10",1
"4715_9",1
"2798_1",0
"12086_10",1
"12237_10",1
"10472_1",0
"1586_1",0
"3408_10",1
"538_10",1
"1449_1",0
"2152_8",1
"254_1",0
"3930_9",1
"176_7",1
"9875_3",0
"1319_1",0
"3216_8",1
"5498_7",1
"774_8",0
"2890_3",0
"6870_4",0
"5700_8",0
"1427_9",1
"2479_10",1
"5521_1",0
"3618_1",0
"7225_10",1
"10852_1",0
"7702_1",0
"971_8",1
"8682_3",1
"11825_1",1
"11546_4",0
"11400_4",0
"8328_10",1
"3621_8",1
"708_8",1
"4095_1",0
"7113_8",1
"5394_4",0
"5680_2",0
"7405_3",0
"6895_10",1
"6997_7",0
"7779_4",0
"4238_9",1
"4378_9",1
"6477_7",1
"3205_8",0
"6464_9",1
"8038_7",1
"5233_10",1
"7455_3",0
"8041_1",0
"10503_10",1
"6060_3",0
"12219_10",1
"10701_4",1
"1430_9",1
"8904_7",0
"2926_1",1
"5377_3",0
"6868_10",1
"3224_7",1
"11726_4",0
"6204_1",0
"1927_2",0
"9872_2",0
"55_1",0
"4720_1",0
"5341_1",0
"9801_1",0
"8258_9",1
"11443_2",0
"3460_1",0
"908_8",1
"9883_3",0
"12444_3",0
"1340_10",1
"4684_8",1
"2276_4",0
"5468_7",1
"1668_8",1
"8998_4",1
"6826_9",1
"1918_9",1
"1820_9",1
"7376_8",1
"2688_8",1
"9877_4",0
"5510_10",1
"3343_7",1
"2242_7",1
"547_1",0
"360_4",0
"121_4",1
"6839_10",0
"10023_9",1
"8522_10",1
"1369_8",1
"1147_8",1
"2253_8",1
"2721_3",0
"11425_8",1
"6013_1",0
"1557_10",1
"11599_3",0
"8843_7",0
"7677_4",1
"1693_2",0
"8747_7",0
"1374_8",1
"7864_4",0
"6190_2",1
"3268_1",0
"3293_1",0
"4583_1",0
"3167_2",0
"5688_2",1
"2455_2",0
"8726_9",1
"2462_10",1
"8161_3",0
"5762_8",1
"12210_2",0
"7706_7",1
"2772_1",0
"3539_1",0
"8006_10",1
"4206_9",1
"3998_10",1
"5490_9",1
"7764_1",0
"10783_2",0
"9037_8",1
"8100_10",1
"4264_10",1
"10185_4",0
"5335_4",0
"8615_10",1
"9716_10",1
"5770_1",0
"3102_9",1
"1303_2",0
"3184_8",1
"205_8",1
"9563_3",0
"12452_8",1
"3783_10",1
"3286_1",1
"737_1",0
"6342_10",1
"11581_10",1
"12034_3",1
"1341_3",0
"5769_9",0
"82_1",0
"5761_8",0
"5272_1",0
"12464_10",1
"8807_2",0
"2731_10",1
"11644_4",0
"6486_2",0
"2209_4",0
"5085_1",0
"1546_3",0
"1235_1",0
"9444_10",1
"9740_7",1
"129_3",0
"1350_1",0
"11493_7",0
"9746_9",0
"10315_8",0
"3940_9",1
"2904_9",1
"1687_1",0
"8245_9",1
"4795_9",1
"10287_8",1
"7197_2",0
"2596_10",1
"7852_1",0
"2512_4",1
"3060_10",1
"11554_1",0
"7033_3",0
"10194_10",0
"9959_1",0
"1353_1",0
"5889_1",0
"2089_1",0
"3908_4",0
"2420_1",1
"12366_1",0
"8900_4",0
"7899_10",0
"3755_10",1
"7401_9",1
"8274_10",1
"4490_7",1
"4216_10",1
"10362_8",1
"2560_1",0
"10902_1",0
"10066_4",1
"1599_7",1
"4668_1",0
"9119_1",0
"11827_9",1
"6997_4",1
"6231_10",1
"8378_10",1
"8541_10",1
"1966_10",1
"95_3",0
"504_3",0
"8774_8",1
"6551_1",0
"11900_8",1
"6365_1",0
"5562_10",1
"9126_3",1
"1860_4",0
"6503_3",0
"5256_10",1
"6403_8",1
"10936_3",0
"5914_8",1
"11983_4",0
"7267_1",1
"7096_1",0
"3700_9",1
"6511_10",1
"4638_3",0
"6991_1",0
"11478_8",0
"1530_10",1
"379_10",1
"7602_10",1
"11106_10",1
"10313_7",1
"9720_8",1
"10574_1",0
"5308_10",1
"10076_9",1
"8128_1",0
"2671_4",0
"9146_1",0
"9772_1",1
"2006_7",1
"4891_10",1
"3762_8",0
"8269_7",1
"8130_10",1
"9394_10",1
"5_10",1
"8258_2",0
"3728_1",0
"123_10",0
"10068_4",0
"263_9",0
"689_10",1
"11629_10",1
"10762_2",0
"12283_2",0
"5522_8",0
"1590_1",0
"10151_8",1
"4609_4",0
"5101_1",0
"6313_4",1
"11796_9",1
"2528_10",1
"2574_3",0
"10061_8",1
"1207_10",1
"7790_2",0
"4617_10",1
"6853_1",0
"5523_8",1
"6880_2",0
"4922_7",1
"11569_8",0
"11748_1",0
"1535_9",1
"2600_2",0
"6389_9",1
"10206_10",1
"9417_3",0
"10347_4",0
"2703_9",1
"4911_9",1
"11472_1",0
"3526_2",0
"12240_1",1
"3240_1",0
"11285_7",0
"9809_7",0
"4161_1",0
"5897_10",0
"5974_1",1
"1557_3",0
"5130_3",0
"6980_2",0
"7745_1",0
"4841_7",0
"11288_8",1
"2000_10",1
"3542_8",1
"9775_4",1
"6498_10",1
"455_4",1
"7470_10",0
"5098_1",1
"4550_3",0
"9115_10",1
"8519_1",0
"10244_2",0
"8029_1",0
"10465_2",0
"8216_8",0
"4840_7",1
"10214_10",1
"9633_7",0
"3122_8",1
"2339_8",1
"2453_4",0
"9089_2",0
"8609_10",1
"1743_2",0
"12278_1",0
"5248_3",0
"6898_1",0
"3714_10",1
"2537_7",1
"8991_10",1
"9399_7",1
"3019_2",0
"6637_3",0
"8014_7",1
"11520_8",0
"8124_9",1
"1599_1",0
"9437_9",1
"5567_1",0
"11853_1",0
"8776_2",0
"8475_10",0
"8981_7",0
"7176_1",0
"9759_2",0
"6071_4",0
"887_3",0
"1410_4",0
"4797_4",0
"8300_4",0
"9261_7",1
"11456_1",0
"9053_10",1
"3239_3",0
"11385_8",1
"3657_7",1
"10369_1",0
"10503_1",0
"8376_2",0
"3097_1",0
"414_10",1
"6796_1",1
"11059_9",1
"2077_2",0
"7672_10",1
"10121_3",0
"4061_10",1
"4441_3",1
"9630_10",1
"11195_7",1
"6575_4",1
"10120_7",1
"6669_1",1
"10749_1",0
"5127_4",1
"11126_10",1
"7536_1",0
"8619_1",0
"9801_10",1
"1259_9",1
"12032_1",0
"9963_2",1
"6973_10",1
"6914_3",0
"6714_10",1
"8114_3",0
"8607_9",1
"1176_4",1
"3344_9",1
"2145_7",1
"8621_1",0
"3319_9",1
"2599_10",1
"12311_1",0
"2744_10",1
"257_7",1
"6795_4",0
"3964_4",1
"316_10",1
"5805_9",0
"5628_2",1
"3331_8",1
"3010_1",0
"3081_2",0
"250_3",0
"7805_1",0
"3845_7",0
"11105_1",0
"7910_10",1
"10932_1",0
"2233_10",1
"8480_10",1
"5667_2",0
"790_9",1
"77_7",1
"7932_8",1
"1396_2",0
"10965_1",0
"5791_1",0
"4641_9",1
"11927_10",1
"8935_8",1
"11011_10",1
"1400_1",0
"10572_8",1
"2251_1",1
"9052_1",0
"3905_10",1
"7677_10",1
"7408_8",1
"6748_4",0
"3612_7",0
"1576_1",1
"1217_3",0
"5290_10",1
"10855_9",0
"12233_1",0
"7753_10",1
"5704_7",1
"9026_9",1
"389_3",0
"9105_2",0
"10795_1",0
"8721_10",1
"6554_7",1
"516_10",1
"5924_4",0
"567_10",1
"494_9",1
"1260_4",0
"5760_4",0
"7877_7",1
"5842_8",1
"3725_4",0
"10830_10",1
"4971_1",0
"4148_1",0
"1704_1",0
"5245_8",1
"7819_9",1
"1942_10",1
"9282_1",0
"2574_7",1
"9044_3",0
"10579_2",0
"11524_2",0
"3059_1",0
"10975_10",0
"10979_1",0
"7245_10",1
"8859_3",0
"8593_4",1
"1297_2",0
"4012_8",1
"6909_9",1
"7974_3",0
"4461_2",0
"9301_1",0
"6947_1",0
"8372_10",1
"325_2",0
"9843_7",1
"12432_1",0
"7335_7",0
"3602_7",0
"7693_4",0
"2949_1",0
"5412_9",1
"9350_10",1
"9568_2",1
"10505_10",1
"4827_1",0
"3586_4",1
"8457_1",0
"6070_4",0
"10818_1",0
"10906_2",1
"9459_1",0
"549_9",1
"11638_7",1
"2776_2",0
"1046_2",1
"11894_3",0
"10090_8",1
"9506_8",1
"6664_9",0
"761_1",0
"10132_2",0
"12090_9",1
"6196_8",1
"6004_10",0
"7563_10",1
"9643_2",0
"7403_8",1
"10155_4",1
"1134_9",1
"5449_1",0
"3893_10",1
"711_10",0
"8624_7",0
"6471_10",1
"451_2",0
"2128_8",1
"4913_9",1
"8141_1",0
"4518_2",0
"3754_8",1
"4514_2",0
"7206_1",0
"1104_1",0
"7132_10",1
"12423_10",0
"7708_1",1
"12377_1",0
"12236_10",1
"3287_1",0
"10600_2",0
"7535_1",0
"8681_4",0
"12431_1",0
"9034_10",1
"3096_1",0
"3238_9",1
"3021_1",0
"5361_1",0
"11636_8",1
"3179_2",0
"7731_4",0
"6064_7",0
"12311_9",1
"4981_10",1
"1236_1",0
"1969_1",0
"4555_1",0
"1871_4",0
"8993_7",1
"5206_7",0
"2237_7",1
"9967_1",0
"10970_7",1
"5389_7",1
"11454_10",1
"5883_1",1
"5104_1",0
"7060_10",1
"10942_9",0
"3540_2",0
"10278_7",0
"11766_1",0
"5525_8",1
"950_9",1
"3600_3",0
"5134_10",1
"11559_4",0
"8453_10",1
"1167_7",0
"5361_10",1
"9318_9",1
"10290_1",0
"8181_10",1
"6167_4",1
"11373_2",0
"12301_8",1
"2493_10",1
"4148_7",1
"8614_2",0
"8584_4",0
"4506_10",1
"12179_8",0
"3584_10",1
"10770_7",1
"7547_10",1
"2477_2",0
"8170_2",0
"9065_2",0
"12202_9",1
"2980_4",0
"10191_3",1
"10312_4",1
"5142_10",1
"10989_2",0
"7211_10",1
"6328_10",1
"7394_2",0
"11091_8",1
"3770_4",1
"6876_8",1
"5019_10",1
"4303_1",0
"12328_1",0
"6684_10",1
"3081_9",1
"12094_3",0
"973_4",1
"1551_8",0
"11666_1",0
"8332_2",0
"11888_2",0
"11917_4",0
"6517_3",0
"11921_10",1
"4763_2",0
"1444_7",1
"2894_10",1
"9948_2",0
"1694_1",0
"4571_9",1
"1201_2",1
"3568_4",0
"4310_9",1
"4535_7",1
"8372_1",0
"5670_8",1
"6992_10",0
"8730_8",1
"374_10",1
"9557_7",1
"3108_8",0
"7386_1",0
"7172_2",1
"8405_9",1
"5963_10",1
"10898_3",0
"8591_7",1
"12047_1",0
"3985_4",0
"3059_8",1
"11890_1",0
"6026_3",0
"9203_9",1
"9355_4",0
"12472_10",1
"5219_7",1
"10322_2",0
"9959_7",1
"12317_1",0
"1886_10",0
"8337_3",0
"9138_1",0
"9839_1",1
"9310_1",0
"11026_1",0
"1719_1",0
"8861_1",0
"5422_4",0
"5268_10",0
"10643_1",0
"8431_4",0
"8151_4",0
"2423_4",1
"8920_1",0
"2848_7",0
"2952_2",0
"272_10",1
"5484_10",1
"9522_10",1
"1817_8",1
"1444_4",1
"12148_1",0
"6516_10",1
"11836_10",1
"5310_10",1
"10106_1",0
"2833_1",0
"7001_10",1
"6848_7",1
"2616_2",0
"303_2",1
"11849_8",1
"9974_3",0
"3326_8",1
"5775_7",1
"11861_10",1
"5001_1",0
"6963_4",0
"6261_2",0
"9719_7",0
"6381_8",1
"388_8",1
"337_4",0
"9497_3",0
"8252_3",0
"12292_1",0
"478_2",0
"3104_2",0
"7462_1",0
"3623_8",1
"11314_8",1
"11650_1",0
"545_10",1
"5608_9",1
"8283_1",0
"1386_3",1
"5114_4",0
"7180_9",1
"3934_8",1
"4505_8",1
"10360_8",1
"4646_1",0
"11405_1",0
"12260_2",0
"8082_8",1
"9421_10",0
"8402_10",1
"3907_3",0
"598_9",1
"8538_10",1
"9082_10",0
"6711_10",0
"6875_2",0
"9339_1",0
"2018_3",0
"114_10",0
"7604_1",0
"7105_9",1
"9759_10",1
"6480_10",1
"10385_10",1
"1699_4",0
"8577_8",1
"6412_9",1
"12012_10",1
"3525_7",1
"9319_2",0
"7991_7",1
"934_9",1
"1385_3",0
"5552_1",0
"4361_10",1
"9341_7",1
"7966_4",0
"1208_4",0
"7059_3",0
"2234_1",0
"4792_10",1
"2770_8",1
"9206_3",0
"1750_4",0
"4694_1",0
"6183_4",0
"200_10",1
"3760_1",0
"4113_7",1
"7895_1",1
"4350_2",0
"7616_1",0
"646_1",0
"268_1",0
"12400_8",1
"11972_10",1
"1992_10",1
"9943_7",1
"10022_4",0
"252_4",0
"1620_10",1
"5281_1",0
"6163_10",1
"4783_10",1
"1285_1",0
"5348_8",1
"10294_1",0
"7164_2",0
"1338_7",1
"3615_2",0
"227_1",1
"8095_4",0
"7847_3",0
"3159_9",0
"5955_3",0
"8885_10",1
"9653_2",0
"3915_9",1
"7690_9",1
"11191_3",0
"5937_9",0
"9367_9",1
"5638_4",1
"7567_10",1
"9988_8",1
"6032_10",1
"606_10",1
"6943_9",1
"10340_9",1
"2384_10",1
"10638_2",0
"1666_8",1
"11412_1",0
"10446_10",1
"3528_7",1
"1413_7",1
"7380_2",0
"10016_4",0
"271_1",0
"6112_1",0
"7655_1",0
"222_10",1
"4551_1",0
"10719_10",1
"11308_3",0
"12371_8",1
"7294_9",1
"2023_1",1
"7836_3",0
"6724_1",0
"7644_7",1
"7274_1",0
"6842_3",0
"3156_2",0
"5570_4",0
"8651_9",1
"2524_4",1
"5833_10",1
"4686_3",0
"5320_10",1
"6518_10",0
"6941_9",1
"10978_10",1
"2020_7",1
"2182_2",0
"687_4",0
"11762_1",0
"4228_1",0
"5494_10",1
"6048_1",0
"10424_9",1
"632_1",0
"9515_10",0
"4961_10",1
"7266_7",0
"11745_10",1
"5968_10",1
"4413_8",1
"10860_7",1
"2928_10",1
"3102_1",0
"1142_10",1
"4634_10",1
"2877_1",0
"3510_7",1
"4309_3",1
"1440_7",1
"1067_7",0
"3136_8",1
"3885_10",1
"5440_10",1
"6258_8",1
"7735_10",1
"3464_1",0
"11004_8",1
"12000_8",1
"9251_3",0
"8296_8",1
"507_4",1
"7322_10",1
"9700_1",0
"9198_1",0
"2732_1",1
"6185_4",0
"7766_7",1
"6097_10",1
"1310_3",1
"6423_3",0
"10585_2",1
"6453_2",0
"1234_10",1
"9305_1",0
"10826_10",1
"1981_9",0
"7741_1",0
"1744_3",1
"10239_3",1
"9292_10",1
"8345_7",1
"6006_10",1
"5437_4",1
"9030_1",0
"5321_10",1
"2419_10",1
"2289_3",0
"5278_1",0
"12195_4",0
"6011_8",1
"1765_4",1
"8474_2",0
"3634_1",1
"10574_10",1
"8821_3",0
"7408_4",0
"7099_10",1
"7909_10",1
"11171_3",0
"11484_2",0
"1804_10",1
"11835_1",0
"5992_2",0
"9220_4",0
"1081_10",1
"2366_4",0
"9685_4",0
"10177_9",1
"6838_4",1
"11316_8",1
"259_8",1
"7605_8",1
"5684_10",1
"3562_8",1
"10514_8",1
"1801_4",1
"6149_7",1
"1185_4",0
"4929_7",0
"9718_7",0
"9784_3",0
"3854_1",0
"1499_4",0
"5998_1",0
"9331_1",0
"2405_10",1
"10707_1",0
"6104_10",0
"8212_2",1
"4649_10",1
"4562_9",0
"9802_1",0
"5824_10",1
"4215_4",0
"11954_9",1
"1817_3",0
"7989_1",0
"3465_4",1
"9937_10",1
"12121_7",0
"2886_8",1
"7362_3",0
"1033_10",0
"4923_1",0
"7414_8",1
"3387_1",1
"10816_2",0
"2884_7",1
"8074_10",1
"2532_8",1
"12223_10",1
"891_2",1
"9115_1",0
"8247_3",1
"1474_8",1
"11355_8",1
"900_1",0
"7035_3",0
"9894_2",0
"3810_9",1
"8419_9",1
"2622_8",0
"3841_9",0
"12465_2",1
"2887_9",1
"3946_3",0
"6891_9",1
"2793_1",0
"10202_10",1
"11711_4",0
"10591_3",0
"11809_2",0
"10837_1",0
"6020_7",1
"4972_9",1
"10808_1",0
"5893_1",0
"1876_10",1
"633_8",1
"4311_9",1
"5372_1",0
"848_3",0
"1624_10",1
"8397_3",1
"2525_8",1
"3039_8",1
"7343_10",1
"267_7",1
"1553_10",1
"12213_10",1
"242_1",1
"1090_8",1
"5368_9",1
"5273_7",1
"10176_7",1
"7582_8",0
"5405_10",1
"6108_8",0
"3996_1",0
"7513_3",1
"10675_8",0
"7482_10",1
"6946_3",0
"12134_8",0
"11676_2",1
"9465_7",1
"197_3",0
"3017_4",1
"1834_3",0
"9092_3",1
"8862_8",1
"7436_1",0
"5830_8",0
"11480_10",0
"9687_9",1
"10950_9",0
"11553_4",0
"10814_7",1
"6930_8",1
"2608_10",1
"9585_1",0
"11911_2",0
"11375_2",0
"405_10",1
"2835_7",1
"5492_3",0
"2446_3",0
"9071_8",1
"4783_4",0
"6930_4",0
"1643_10",1
"8047_2",0
"10334_8",1
"4143_9",0
"2609_10",0
"9225_1",0
"3784_9",0
"3536_1",0
"4188_8",1
"9062_7",1
"12034_10",1
"9147_1",0
"10825_9",1
"3550_1",1
"1100_7",1
"9823_7",1
"1480_1",0
"5665_9",0
"4778_9",1
"8074_4",0
"2831_7",0
"10505_2",0
"4383_1",0
"5643_1",0
"7671_10",1
"2074_1",0
"3690_9",1
"2439_8",0
"9747_3",0
"12139_2",0
"9059_3",0
"672_1",0
"7507_8",1
"6239_8",0
"6271_1",0
"9575_9",1
"1956_8",1
"3485_9",0
"11627_8",1
"1240_7",0
"858_8",0
"12045_10",1
"4762_1",0
"10919_4",1
"10705_4",0
"9680_1",0
"11974_4",0
"4728_8",1
"5254_9",1
"1780_10",1
"9815_2",0
"8702_2",0
"10234_1",0
"4343_3",0
"9146_9",1
"12075_7",1
"754_9",1
"10573_10",1
"9662_4",0
"11152_1",0
"299_1",0
"1547_1",0
"8569_4",0
"1997_2",0
"6948_4",0
"3751_2",0
"7012_1",0
"412_4",1
"8101_8",1
"9586_10",1
"11932_4",0
"7637_7",1
"5961_4",0
"2968_1",0
"296_2",0
"11108_1",0
"4024_2",0
"6123_7",0
"7314_10",1
"5606_1",1
"7648_7",1
"970_1",1
"9633_2",0
"6351_8",1
"587_10",1
"12258_10",1
"11597_10",1
"10458_2",0
"6604_3",0
"11235_4",0
"7484_10",1
"2677_9",1
"7515_1",0
"6161_9",1
"1160_10",1
"2543_1",1
"10126_10",1
"7283_1",0
"9780_2",0
"4896_7",0
"4217_2",0
"4529_4",0
"1762_7",1
"4833_3",1
"2107_3",1
"3732_4",1
"5544_7",1
"5822_3",0
"8119_3",0
"12076_8",1
"11677_8",1
"4821_4",1
"10048_4",0
"6628_7",1
"2110_9",1
"11202_3",1
"4587_10",1
"10694_1",0
"1003_3",0
"5705_3",0
"11240_7",1
"12070_7",1
"5719_2",0
"4028_4",1
"8120_3",0
"8306_10",1
"5288_7",1
"3924_3",0
"2906_9",1
"757_3",1
"7704_4",1
"2624_1",0
"12345_10",1
"5059_4",1
"3619_8",1
"1749_3",0
"10994_8",1
"1855_3",0
"8572_4",0
"4691_2",0
"9453_8",1
"2735_10",1
"1319_10",1
"5931_7",1
"10791_9",1
"10880_1",0
"115_10",1
"10073_10",1
"1713_1",0
"3430_4",0
"9683_1",0
"2328_10",1
"722_4",0
"4856_10",1
"9844_8",1
"8539_4",0
"299_10",1
"7331_10",1
"5532_10",1
"2562_10",1
"2396_1",0
"9656_3",0
"2930_1",0
"11396_10",1
"3055_2",1
"5556_10",1
"6939_4",0
"3847_9",1
"7221_8",1
"1218_4",0
"7446_2",0
"7840_8",1
"3462_7",1
"9689_3",1
"1135_9",1
"7441_3",0
"2103_7",1
"5705_10",1
"6265_1",0
"3796_8",1
"2941_4",0
"12107_4",0
"7712_2",0
"7816_9",1
"11919_7",1
"5727_9",1
"6408_2",0
"1808_3",1
"12320_8",1
"991_2",1
"10504_1",0
"7436_10",1
"857_1",0
"2962_7",1
"4704_1",0
"3851_1",0
"2075_1",0
"3186_2",0
"6081_4",1
"7327_1",0
"7730_1",0
"12244_7",1
"8557_7",1
"2980_7",0
"4733_1",0
"1370_2",0
"16_3",0
"7223_3",0
"1103_10",1
"5797_8",1
"9725_2",0
"3817_1",0
"2606_8",1
"10331_10",1
"11123_10",1
"11285_1",0
"11271_3",0
"5471_8",1
"1230_10",0
"6886_1",0
"75_8",1
"3871_8",1
"8369_1",0
"5781_10",1
"1856_9",1
"2086_3",0
"2798_8",1
"124_10",1
"4493_1",0
"9860_7",0
"9039_4",1
"712_9",1
"7612_9",1
"358_10",1
"8072_1",0
"4221_1",1
"6304_1",0
"12247_8",1
"5930_3",0
"1858_3",0
"1914_4",0
"9409_8",1
"9812_2",0
"911_10",1
"10855_1",0
"3166_9",1
"7591_1",0
"3747_2",0
"12038_4",0
"8885_3",0
"8149_1",0
"1013_2",0
"12124_8",1
"6057_9",1
"5519_4",1
"6805_10",1
"7332_4",0
"5553_8",1
"1276_1",0
"7435_9",1
"3441_8",1
"9754_2",0
"10636_8",1
"8614_9",1
"7521_2",0
"7586_4",1
"6908_7",1
"1541_4",0
"8462_3",0
"6831_4",0
"7936_4",0
"882_4",1
"5734_1",0
"8196_1",0
"3701_10",1
"2490_3",0
"4014_2",1
"5634_1",0
"4820_3",0
"3168_2",0
"7518_2",0
"9334_4",0
"6783_7",1
"10653_4",1
"9394_2",0
"4127_8",1
"2658_1",0
"5599_4",0
"3716_9",1
"4748_2",0
"8205_1",0
"7043_1",0
"4816_4",1
"4584_10",0
"2686_9",1
"3173_3",1
"1996_10",1
"9543_4",0
"2217_7",1
"3344_1",1
"1888_4",0
"9081_1",0
"4804_7",0
"378_8",0
"12243_8",1
"7926_2",0
"6791_1",0
"3614_2",0
"4049_7",1
"9827_1",0
"1164_10",1
"7532_7",0
"5886_1",0
"6287_4",0
"3385_9",1
"7290_10",1
"323_10",1
"8125_1",0
"9264_9",1
"11908_8",1
"9079_10",1
"5731_1",0
"10615_2",0
"1204_10",1
"2524_10",1
"4668_10",1
"1448_1",0
"9624_3",0
"555_4",0
"5884_1",0
"10269_1",0
"3979_1",0
"1711_8",1
"9125_2",0
"9196_10",1
"6072_7",1
"4931_8",1
"5419_10",1
"8695_9",1
"625_10",1
"7451_9",1
"3761_8",1
"6135_8",1
"9351_1",0
"7949_2",0
"2041_7",1
"9816_10",1
"4636_8",1
"139_10",0
"2826_3",0
"5338_10",0
"7889_10",1
"12339_10",1
"2581_8",1
"3903_1",0
"5074_2",1
"649_4",0
"2817_1",0
"229_10",1
"9159_10",1
"10026_7",0
"1462_9",1
"3318_9",1
"10019_3",0
"6996_4",0
"3049_9",0
"5879_10",1
"11699_1",0
"5813_8",1
"7761_2",0
"11541_10",1
"11815_10",1
"5583_4",0
"1231_7",1
"607_3",0
"8530_1",0
"2851_4",0
"2880_1",0
"4112_9",1
"5541_9",1
"7107_2",0
"12262_7",1
"4212_10",1
"3548_8",1
"3449_2",0
"5652_4",0
"8803_10",1
"5904_8",1
"593_9",1
"5123_8",1
"3444_1",0
"5518_8",1
"6177_7",1
"1187_10",1
"1529_1",0
"4845_9",1
"10857_8",1
"4802_1",0
"9267_3",0
"1916_8",1
"8230_10",1
"6407_1",1
"9884_1",0
"471_7",1
"10490_1",1
"4223_4",1
"1126_3",0
"9353_3",0
"10749_8",1
"1744_10",1
"8566_3",1
"1809_10",1
"5150_4",1
"2154_1",0
"8492_9",1
"11069_10",1
"11033_1",1
"10146_7",1
"414_2",0
"4166_9",1
"5897_1",0
"7822_1",0
"4794_4",0
"9640_2",0
"9430_9",0
"9106_9",1
"788_2",0
"3770_10",1
"3277_9",1
"1585_3",0
"1738_1",0
"12195_8",0
"6940_10",1
"3655_7",0
"5231_4",0
"10192_2",1
"7348_10",1
"333_3",0
"5834_4",1
"762_2",0
"8039_1",0
"1280_10",1
"600_1",0
"8177_8",1
"1379_4",0
"3829_4",1
"6004_2",0
"7900_4",0
"10571_8",1
"8229_1",0
"11598_4",0
"427_4",0
"1753_1",0
"5478_9",1
"8217_8",1
"6036_1",0
"9576_9",1
"8315_3",0
"1094_4",0
"5432_7",0
"2635_7",0
"8057_10",1
"8290_2",1
"8793_10",1
"6643_7",1
"3251_1",0
"3333_4",1
"7696_8",1
"1486_7",1
"11691_4",0
"9673_7",0
"11730_10",1
"11769_7",1
"1759_4",1
"3328_7",0
"10037_1",1
"9997_7",1
"3702_9",1
"6028_1",0
"5177_8",1
"9010_7",0
"622_10",1
"7473_9",1
"8600_1",0
"11831_7",1
"9665_2",0
"3275_1",0
"12067_1",0
"10423_1",1
"6659_10",1
"4936_8",1
"8416_1",0
"11296_8",0
"1859_3",0
"6210_10",1
"6364_1",0
"4478_8",1
"5560_2",0
"1838_2",0
"6510_4",0
"2672_7",0
"5421_7",1
"8676_8",1
"8056_1",0
"10376_7",0
"4994_9",1
"3845_4",0
"9664_10",1
"1522_8",1
"136_4",0
"2612_10",1
"7571_3",0
"10310_2",0
"8898_8",1
"10544_4",0
"8765_10",1
"3334_4",0
"5572_4",0
"3774_8",1
"8207_10",0
"11543_1",0
"2659_1",0
"9375_4",1
"7866_10",0
"8601_10",1
"10173_1",0
"4037_2",0
"5482_1",0
"4347_8",1
"6331_3",0
"8199_2",0
"2177_8",1
"393_8",1
"2304_9",1
"2917_7",1
"10097_1",0
"7691_2",0
"9641_9",1
"51_10",1
"10171_3",0
"8327_9",1
"825_10",1
"7865_3",0
"1464_4",0
"10357_8",1
"10305_4",0
"7682_8",1
"6169_10",1
"3222_4",1
"7081_2",0
"1040_1",0
"3425_1",0
"7937_2",0
"8431_9",1
"274_2",0
"12437_1",0
"12186_1",0
"2223_8",1
"0_9",1
"11142_1",0
"1266_8",1
"2915_1",0
"7789_3",0
"6981_9",1
"1205_3",1
"125_1",0
"5900_4",0
"12108_9",1
"5445_10",0
"285_10",1
"5999_7",1
"2898_1",0
"11471_3",0
"3806_4",0
"1879_10",1
"10122_7",0
"3172_2",0
"4894_2",0
"11472_7",0
"5537_10",1
"7643_4",0
"11870_1",1
"11610_10",1
"8973_3",0
"2194_3",0
"11344_3",0
"963_4",0
"1746_1",0
"5229_10",1
"6569_7",0
"1115_9",1
"928_10",1
"7321_2",0
"6035_10",1
"4654_2",0
"12218_1",0
"6459_10",1
"5347_7",0
"11065_8",1
"4869_10",1
"659_10",1
"11042_7",1
"8032_10",1
"2205_8",0
"3682_8",1
"1493_1",0
"7449_1",1
"10127_1",0
"9063_2",0
"2082_10",1
"3450_7",0
"4147_8",1
"2262_1",0
"11748_8",0
"9219_10",1
"10183_1",1
"4330_1",0
"2932_4",0
"525_1",0
"6352_2",0
"6668_2",0
"8561_3",1
"6488_10",1
"8059_10",1
"6742_4",0
"8388_1",0
"4095_8",1
"3971_8",1
"8647_1",0
"6467_7",1
"7790_9",1
"2222_10",1
"244_4",0
"5605_7",0
"8143_10",0
"11312_9",1
"11891_9",1
"12253_9",1
"9964_10",0
"7732_4",1
"377_1",0
"4504_9",1
"11340_4",0
"8609_3",0
"12012_2",0
"797_1",0
"6634_2",0
"5075_7",1
"8319_10",1
"5620_3",0
"518_3",0
"27_1",0
"11498_7",1
"5927_4",0
"9030_10",1
"4088_1",0
"11291_10",1
"5301_8",1
"4924_7",1
"12162_8",0
"2803_10",1
"4702_1",0
"9869_3",0
"1907_2",0
"208_9",1
"5853_10",0
"6787_9",1
"10792_9",1
"12465_9",1
"11501_8",1
"420_7",0
"9234_4",1
"12415_8",1
"11810_7",0
"399_2",0
"6136_2",0
"2267_8",1
"12339_4",0
"7389_10",1
"8939_1",0
"10923_1",0
"4357_10",1
"1840_10",1
"2038_7",1
"1963_4",0
"6434_3",0
"10696_7",1
"2317_1",1
"4857_7",1
"5950_4",1
"11177_3",0
"4154_10",1
"2943_1",0
"4383_9",1
"6218_7",1
"10546_1",0
"2201_3",0
"915_4",0
"7056_4",0
"4465_2",0
"5461_3",0
"1323_1",0
"5887_7",1
"7531_8",1
"1369_4",1
"11965_4",0
"8999_4",0
"6338_1",0
"8127_8",1
"638_10",1
"6544_10",1
"3613_8",0
"3396_3",0
"10654_1",0
"10150_9",0
"5826_10",1
"9923_7",1
"2850_9",1
"1663_9",1
"5411_10",1
"5157_7",1
"9649_1",0
"11975_7",1
"6661_7",0
"4526_10",1
"1060_4",0
"10997_1",0
"8703_3",0
"1675_4",0
"3394_10",0
"6056_2",0
"5562_2",0
"548_7",0
"6795_9",1
"3674_1",0
"1823_7",1
"1438_4",1
"2409_9",1
"12196_3",0
"9666_1",0
"9550_1",0
"9464_8",1
"9129_4",0
"8967_4",0
"7688_1",0
"8973_9",1
"5304_10",1
"5872_9",1
"7553_10",1
"1863_10",1
"9609_7",1
"3795_9",1
"1311_4",0
"5948_8",1
"6638_4",0
"4536_1",0
"10630_1",1
"9025_9",1
"11654_4",0
"2612_2",1
"8092_3",1
"11208_4",1
"2376_4",0
"11706_10",1
"4052_1",0
"9155_1",0
"541_7",0
"11706_3",0
"3598_10",1
"5469_7",1
"9598_4",1
"11016_7",0
"7715_8",1
"2990_2",0
"7781_8",1
"10220_7",0
"9279_7",1
"9207_1",1
"10550_4",0
"2101_4",0
"5711_8",1
"11160_1",0
"3668_7",1
"2937_3",0
"7915_8",1
"9408_3",0
"2972_7",1
"7052_8",1
"12325_9",1
"928_1",0
"11550_7",1
"5111_1",1
"3134_3",0
"3912_3",0
"203_7",1
"9954_8",1
"11429_7",1
"5363_9",1
"11573_10",1
"8575_2",0
"2751_10",1
"5922_1",1
"7397_8",1
"6300_4",0
"9736_3",0
"8835_1",0
"4156_1",0
"9070_7",1
"2096_10",1
"11115_10",1
"7858_10",1
"8005_4",0
"11757_9",1
"9900_4",1
"10044_9",0
"2879_1",0
"8037_10",1
"11699_10",0
"8642_8",1
"2022_9",0
"7969_10",0
"575_10",1
"9909_3",0
"8096_10",1
"6433_7",0
"356_10",1
"3110_8",0
"3593_3",0
"195_8",1
"3367_1",0
"3699_10",1
"581_10",1
"4688_3",0
"4224_4",1
"11370_1",0
"3416_4",0
"8148_8",1
"12493_1",0
"2106_10",1
"171_1",0
"4728_1",0
"4657_10",1
"3785_3",0
"11141_10",1
"10843_1",0
"10161_2",0
"5153_8",1
"1402_4",0
"9655_1",0
"2402_7",0
"5520_9",1
"2690_9",1
"4563_8",1
"5816_3",0
"3778_3",1
"1210_8",1
"1776_1",0
"6936_2",0
"759_1",0
"7836_8",1
"11425_1",1
"1570_8",1
"3129_1",0
"503_2",1
"10196_1",0
"12049_10",1
"7377_9",1
"4272_2",1
"2649_7",1
"475_10",1
"1237_8",1
"2777_2",0
"5167_3",0
"12318_1",0
"11895_1",0
"9226_8",1
"539_4",1
"9929_7",0
"4531_8",1
"4624_4",1
"4596_2",0
"2688_1",0
"5585_1",1
"11737_8",0
"10229_3",0
"10092_8",1
"6666_7",1
"10951_1",0
"7642_1",0
"4990_1",0
"3315_10",1
"7093_1",0
"7160_1",0
"3151_2",0
"940_1",1
"8102_7",1
"2353_10",1
"10335_8",1
"9631_4",0
"1032_7",1
"10877_10",0
"2251_8",1
"1898_9",1
"2577_10",1
"11725_4",0
"6259_8",1
"2607_1",0
"6850_7",1
"12161_3",1
"4451_1",0
"6732_4",0
"8267_7",1
"7294_1",0
"7135_10",1
"9212_1",0
"7562_10",1
"11196_7",1
"983_7",1
"4673_1",0
"12030_9",1
"12266_4",0
"4210_9",1
"9240_10",0
"11251_2",0
"8191_4",0
"1540_10",1
"4920_4",1
"1087_1",0
"2895_9",1
"915_10",1
"4947_8",1
"6121_10",1
"5871_4",0
"1040_10",1
"6070_8",1
"3728_10",1
"2457_2",0
"6682_10",1
"5778_9",1
"8106_7",1
"11760_8",1
"2734_9",1
"8122_3",1
"6878_8",1
"6932_4",0
"12387_10",1
"750_1",0
"7230_1",0
"149_10",1
"5398_8",1
"8780_10",1
"10282_2",0
"1042_1",0
"954_10",1
"11547_9",1
"8679_4",0
"4873_8",1
"10402_1",0
"5520_1",0
"5818_7",0
"5662_10",1
"8802_3",0
"11386_8",1
"5242_7",1
"571_10",1
"3393_9",1
"993_2",0
"3017_7",1
"3010_8",1
"7342_2",1
"4107_4",1
"8379_1",0
"11665_3",1
"9122_7",1
"10641_2",0
"6474_3",0
"8268_1",0
"3257_1",0
"4805_8",1
"3412_1",0
"10149_9",1
"5709_1",0
"10483_8",1
"4011_3",0
"1764_2",0
"11730_4",1
"11288_1",0
"7948_7",1
"4944_7",1
"10590_8",1
"4261_9",1
"9628_8",0
"10228_8",0
"3455_10",1
"2344_3",0
"3597_10",1
"7633_3",1
"11229_1",0
"828_10",0
"2029_3",1
"8135_10",1
"9910_10",1
"799_2",0
"6134_1",0
"362_3",0
"7831_1",0
"2739_9",1
"7286_2",0
"4330_10",1
"4988_7",1
"4065_10",1
"9558_1",0
"12041_1",0
"2564_2",0
"4797_10",1
"10721_3",0
"11750_1",0
"7307_2",0
"2286_10",1
"1752_1",0
"7771_9",0
"12499_7",1
"1806_8",1
"10375_10",1
"2692_8",1
"2611_9",1
"327_3",0
"7638_7",1
"11623_2",1
"2900_9",1
"9704_10",0
"7898_1",0
"8279_10",1
"7782_7",0
"4195_3",0
"10976_1",0
"8266_4",0
"8956_1",0
"8304_8",0
"9835_9",0
"11529_7",1
"12029_4",0
"9085_1",0
"5017_8",1
"10457_8",1
"325_9",1
"10295_1",1
"3174_9",1
"9809_2",1
"1244_8",1
"6453_10",1
"3949_8",1
"2516_9",1
"8670_3",1
"10484_8",0
"6387_3",1
"4443_3",0
"6236_8",1
"1943_4",0
"10106_8",1
"1517_2",0
"3479_1",0
"11230_1",0
"2965_9",1
"9775_8",0
"4110_10",1
"4997_2",0
"10593_4",0
"1239_8",1
"1373_10",1
"11616_8",1
"10781_10",1
"6953_2",0
"1816_9",1
"11961_1",0
"5543_2",0
"1552_3",0
"2069_9",1
"5784_4",1
"5465_1",0
"3199_2",1
"6199_1",0
"10554_7",0
"5882_9",1
"10677_3",0
"11630_8",1
"11447_1",0
"1990_10",1
"12077_1",1
"10500_4",0
"6626_1",0
"1553_3",0
"5601_4",0
"5359_1",0
"10280_3",0
"7306_3",0
"6762_1",0
"3992_8",1
"453_10",1
"6532_8",1
"4655_7",1
"1183_2",0
"1088_9",1
"4219_4",0
"7905_1",0
"902_9",1
"3872_4",0
"12457_4",0
"12246_1",0
"4173_10",1
"5400_4",0
"25_1",0
"8499_9",1
"3196_10",1
"1263_3",0
"1656_4",1
"11924_4",0
"1861_3",1
"12315_2",0
"1129_1",0
"4131_1",0
"3055_9",1
"11225_3",0
"9710_2",0
"3925_10",1
"9545_7",0
"10537_1",1
"5596_3",0
"9657_3",1
"5557_4",0
"3456_9",1
"1564_10",1
"6550_10",1
"3251_7",1
"5541_2",0
"7406_9",1
"11342_9",1
"3340_1",0
"1690_1",0
"3432_4",0
"8729_2",1
"5777_4",0
"4006_8",1
"1496_2",0
"9864_8",0
"3122_4",0
"3821_4",0
"3956_10",1
"955_4",1
"5262_7",0
"2062_1",0
"4159_9",0
"4307_1",0
"10479_2",0
"10606_10",1
"2502_1",0
"3378_2",1
"11199_1",0
"3857_9",1
"10005_3",1
"1086_7",1
"12338_1",0
"11454_4",0
"3993_7",1
"7128_1",0
"8685_9",1
"5201_1",0
"10896_1",0
"9902_3",0
"1509_2",1
"6389_2",0
"273_1",0
"2728_10",1
"12136_1",0
"5904_3",0
"5380_7",1
"5095_3",1
"6292_3",0
"398_3",0
"5121_10",1
"3419_1",0
"9275_1",0
"907_1",0
"11977_2",1
"11463_1",0
"3363_1",0
"7062_7",1
"10652_9",1
"9067_3",0
"9040_3",1
"2893_2",0
"11217_3",0
"11233_2",1
"4397_7",1
"7070_2",0
"10414_10",1
"11392_1",0
"6973_3",0
"3472_10",1
"6106_9",1
"594_4",0
"9779_9",0
"11164_1",0
"11254_8",1
"11166_7",0
"1066_2",0
"8303_10",1
"8336_10",1
"10882_8",1
"1476_4",1
"10002_7",0
"9623_7",0
"6451_8",0
"10931_7",0
"2713_2",0
"393_2",1
"10239_10",1
"5092_8",1
"4141_4",0
"1252_8",0
"10674_8",1
"3546_10",1
"864_2",0
"2260_1",0
"9588_10",1
"4875_7",1
"12208_2",0
"1745_7",1
"11965_8",1
"5720_3",0
"2248_1",0
"10260_1",0
"11393_4",0
"5880_1",0
"4675_4",0
"12212_10",1
"6049_8",1
"11036_1",0
"11168_8",1
"9428_2",0
"1797_4",1
"9823_2",0
"12017_7",1
"5172_4",0
"1875_2",0
"6845_1",0
"4105_1",0
"85_10",1
"5636_1",0
"7973_1",0
"12468_1",0
"2388_10",1
"611_10",1
"4064_10",1
"108_1",0
"10534_1",0
"11457_10",1
"9443_9",0
"12167_1",1
"11190_10",1
"3489_10",1
"7486_4",0
"6454_9",1
"8602_10",0
"3194_9",1
"11270_10",1
"7712_10",1
"4243_2",0
"5868_8",1
"861_7",1
"8479_9",1
"9807_2",0
"523_1",0
"4087_10",0
"5616_8",0
"12480_3",0
"5961_10",1
"4178_10",0
"8573_3",0
"3794_1",0
"3310_4",1
"4512_1",1
"4790_10",1
"10797_2",0
"8242_8",1
"2066_2",0
"6295_1",1
"10482_10",1
"3479_9",1
"276_10",1
"8957_7",1
"6623_1",0
"11409_1",0
"9769_8",1
"4669_4",0
"4487_9",1
"2978_1",0
"11_3",1
"1584_9",1
"5246_3",0
"3588_1",0
"6203_7",1
"10690_2",0
"7984_10",1
"4468_7",0
"2062_10",1
"6090_2",0
"2662_3",1
"12202_3",0
"4832_8",1
"11523_2",0
"5792_10",1
"3820_2",0
"3531_1",0
"6652_10",1
"11107_1",0
"10431_1",0
"1692_1",0
"896_10",0
"12089_4",0
"9969_1",0
"3872_9",1
"8761_3",1
"6765_9",1
"135_7",1
"5732_1",0
"7987_8",1
"2392_1",0
"10588_1",0
"5545_2",0
"7487_8",1
"1848_3",0
"7054_9",1
"6861_1",0
"2060_3",0
"9343_8",0
"11450_10",1
"6007_4",0
"502_10",1
"10101_1",0
"6234_8",1
"2853_4",0
"2385_9",1
"7171_1",0
"11435_10",1
"12229_3",1
"5889_7",0
"4403_10",1
"7037_10",1
"6000_9",1
"9860_1",0
"3863_1",0
"4077_10",1
"12300_10",1
"8977_7",1
"4268_10",1
"6110_1",0
"1436_3",1
"11938_7",0
"10669_2",0
"10836_2",0
"4757_8",1
"4492_1",0
"2434_8",1
"7278_3",0
"7291_2",1
"6092_1",0
"5848_7",1
"2008_7",1
"11239_1",0
"5035_7",1
"6376_4",1
"12232_1",0
"11041_7",1
"2398_9",1
"5250_4",0
"11184_7",1
"5213_3",0
"11240_4",0
"6687_4",0
"11123_2",0
"11414_9",1
"8129_3",0
"6836_3",0
"11955_7",0
"9716_1",0
"12015_10",0
"2000_3",0
"11409_9",1
"11207_4",1
"6543_9",1
"63_1",0
"8093_3",0
"735_8",1
"3620_10",1
"1304_3",1
"4248_10",1
"773_7",0
"5004_3",0
"1_1",0
"10190_7",1
"1035_7",1
"5238_2",0
"12273_10",1
"8899_3",0
"7160_8",1
"7128_7",1
"3148_9",1
"2897_10",1
"2875_1",0
"11384_7",1
"11006_7",1
"10421_2",1
"4073_10",1
"228_7",1
"11817_10",0
"4244_10",1
"2264_1",0
"6516_1",0
"10864_1",0
"7448_2",0
"861_2",0
"5149_8",1
"1562_10",1
"5400_10",1
"33_3",0
"7112_9",1
"2961_10",0
"4240_9",0
"1869_9",1
"5221_7",1
"6337_1",0
"4977_7",1
"8929_8",1
"6271_9",1
"7500_8",1
"507_10",1
"10339_2",0
"9148_7",1
"11361_4",0
"4316_10",1
"1498_8",1
"11957_8",1
"2349_9",1
"6696_7",0
"10953_1",0
"7282_9",0
"11762_8",1
"1178_2",0
"1528_8",0
"6479_1",1
"9176_1",0
"5159_2",0
"3608_9",1
"1874_1",0
"11243_10",1
"5372_7",1
"5723_7",0
"1601_1",0
"1448_8",1
"11673_8",1
"11085_4",1
"11037_8",1
"5016_10",1
"6655_3",0
"8634_3",0
"12184_10",1
"6164_3",0
"2771_7",1
"4345_1",0
"9715_4",0
"297_4",0
"9745_2",0
"1959_7",0
"9086_3",0
"7678_3",0
"6873_10",1
"5929_2",0
"11213_7",1
"5891_3",1
"1011_10",1
"10469_10",1
"653_10",0
"1389_2",0
"12066_2",0
"6792_3",0
"1363_1",0
"7040_10",1
"4656_8",1
"11868_10",1
"9771_10",1
"10203_10",1
"11931_2",0
"5672_1",0
"7922_1",0
"3556_1",0
"10206_3",0
"9884_10",1
"9404_1",0
"5663_10",1
"10719_2",0
"11372_7",1
"9864_1",0
"2350_9",1
"4793_4",0
"5604_3",0
"8641_7",1
"3132_4",0
"7703_3",0
"11449_10",1
"7489_1",0
"813_10",1
"10851_9",1
"3365_9",1
"5536_9",1
"4495_9",1
"6887_8",1
"8640_10",1
"6643_4",0
"2495_9",1
"10267_8",1
"1129_10",1
"5877_8",1
"10369_8",1
"661_9",1
"372_10",1
"6085_8",0
"5632_1",0
"5564_10",1
"5976_7",0
"1535_1",0
"9524_9",1
"11273_9",0
"950_1",0
"9059_7",0
"11918_10",1
"4376_9",1
"12072_2",0
"1427_2",0
"1505_3",0
"3703_3",0
"2094_10",1
"4599_10",1
"7302_10",1
"4455_3",0
"11403_9",1
"8301_7",0
"6409_1",0
"7546_7",0
"6136_10",1
"8116_1",0
"7660_1",0
"1053_8",0
"9828_3",1
"3865_2",0
"12072_10",1
"1405_7",0
"10872_7",1
"6198_7",1
"5780_4",0
"6184_7",1
"5725_3",0
"11108_10",0
"3173_8",0
"4978_7",1
"3458_10",1
"6772_10",1
"763_10",1
"9172_10",1
"2739_2",0
"4163_3",0
"4111_2",0
"9607_4",0
"4574_1",0
"5784_8",1
"9945_8",0
"584_3",0
"8715_10",1
"11537_4",0
"2397_4",0
"6818_10",1
"9785_3",0
"6644_8",1
"7293_3",0
"11921_2",0
"4157_8",0
"9948_8",1
"3659_9",1
"1156_9",1
"10296_8",1
"9036_10",1
"2484_10",1
"3459_4",1
"11760_2",1
"5509_10",1
"5747_8",1
"5997_9",1
"2447_10",1
"8683_9",0
"6187_2",0
"302_4",0
"7961_10",1
"7347_1",0
"10588_10",1
"5125_7",1
"5106_4",0
"4476_9",1
"6183_7",0
"454_8",0
"3238_1",0
"3692_1",0
"10883_7",1
"4308_1",0
"1065_10",1
"11075_10",1
"10936_8",1
"12125_1",0
"5559_1",0
"7243_2",0
"1064_10",1
"7057_9",1
"9703_9",0
"9802_10",1
"10114_1",0
"6615_8",1
"11416_10",1
"7415_2",0
"9397_9",1
"9627_10",1
"2034_9",1
"2372_1",0
